,Model,t+1,t+2,t+3
0,RUE,0.006910061133392179,0.011167577408532393,0.016548189100070738
1,MC Dropout,0.011250720725366398,0.019319466274250983,0.02086180352921082
2,GPR,0.006045033686485822,0.012904265080938844,0.02317372674660935
3,Infer-Noise,0.006906526787931353,0.01116757140680458,0.016555952447343952
4,BNN,0.01119482373924869,0.016545849647689934,0.019654279098850105
5,DER,0.013168915729405468,0.01120341865328995,0.018199222086395926
