,Model,t+1,t+2,t+3
0,RUE,0.08373249640657943,0.10814329094054669,0.12999980809358175
1,Infer-Noise,0.08451188339572281,0.10889620818751396,0.1302765461536298
2,MC Dropout,0.08458676670834647,0.108949036200023,0.13021687904516696
3,GPR,0.0715932122803118,0.09931191760034573,0.11767057406616398
