,Model,t+1,t+2,t+3
0,RUE,0.07640898152941714,0.10427714987944785,0.12257308249656264
1,Infer-Noise,0.08451188339572281,0.10889620818751396,0.1302765461536298
2,MC Dropout,0.07640898136538991,0.10427715005739496,0.12257308231140883
3,GPR,0.0715932122803118,0.09931191760034573,0.11767057406616398
4,BNN,0.07764609148516093,0.1067715778701665,0.12283370698150288
5,DER,0.07595286345242329,0.10540105806716547,0.12193603644772862
