,Model,t+1,t+2,t+3
0,RUE,0.07640898152941714,0.10427714987944785,0.12257308249656264
1,Infer-Noise,0.07640899551505771,0.10427768009182102,0.12256799018874913
2,MC Dropout,0.07716819905712975,0.10520208600276292,0.1235660022976165
3,GPR,0.0715932122803118,0.09931191760034573,0.11767057406616398
4,BNN,0.07764609148516093,0.1067715778701665,0.12283370698150288
5,DER,0.07595286345242329,0.10540105806716547,0.12193603644772862
