,Model,t+1 Corr,t+1 Pval,t+1 AURC,t+1 Sigma=0.1,t+1 Sigma=0.2,t+1 Sigma=0.3,t+1 Sigma=0.4,t+2 Corr,t+2 Pval,t+2 AURC,t+2 Sigma=0.1,t+2 Sigma=0.2,t+2 Sigma=0.3,t+2 Sigma=0.4,t+3 Corr,t+3 Pval,t+3 AURC,t+3 Sigma=0.1,t+3 Sigma=0.2,t+3 Sigma=0.3,t+3 Sigma=0.4
0,RUE,0.4583557584811541,0.0,0.11304808804341816,0.1293076222724461,0.14380929105341908,0.1482757444743324,0.1509487660250487,0.3657179445415101,0.0,0.12931552047789913,0.14339323605706208,0.15999878497490796,0.16498090764822657,0.16692289911170174,0.3179299464021431,9.835958011091322e-281,0.15608805381376267,0.1725273779708234,0.18844760843238018,0.1919905533997164,0.19391008887517544
1,MC Dropout,0.07422495156337316,3.574493863980168e-16,0.154215098869742,0.16720337149265335,0.15665761045076226,0.15128134346834046,0.15170167957676378,0.03397688364553215,0.00019328929386427658,0.17410182113253436,0.20236483542972555,0.1740526295240442,0.1699158479597156,0.16882454901046087,0.05748604053399881,2.7861347947041046e-10,0.1936273796992789,0.21067195141546,0.19035367418529686,0.1918403747167932,0.1935222876944039
2,GPR,0.2071720996057843,8.862857716291392e-117,0.08326791154305721,0.11438071817685576,0.11507932574654878,0.11528728473380272,0.11528728473380272,0.16881035870862032,1.2879068725181679e-77,0.11192336045464082,0.14450399213673984,0.14516781025524228,0.1452828144087323,0.1452828144087323,0.15239937182477012,1.9494898699332186e-63,0.13176120175730022,0.16583049693082416,0.16634558827191834,0.16643509655147068,0.16645807867673623
