Model,t+1,t+2,t+3
RUE,0.0753838104673721,0.10359860788737635,0.12236489644328002
MC Dropout,0.0759146517813676,0.10462468336680474,0.12333119909489094
GPR,0.07150576167088137,0.0993486594425949,0.1177286691365894
Infer-Noise,0.07538385607780447,0.10359996935007404,0.12236690093178804
BNN,0.07790347564802962,0.10593193319595262,0.12558304490075203
DER,0.07643733434316835,0.10426613221596558,0.12189204120475049
