,Model,t+1,t+2,t+3
0,RUE,0.0761332035108697,0.10324394909106706,0.12098735685963886
1,MC Dropout,0.07674203846366583,0.10438180544457902,0.1219379175298481
2,GPR,0.07158537053245163,0.09931050674603752,0.11770357609239239
3,Infer-Noise,0.07613325831918295,0.10324982684630439,0.12098702483775614
4,BNN,0.07852647438000336,0.10557006513257881,0.12547281687855724
5,DER,0.07582741211919024,0.10571193537043262,0.1223804481491354
