,decoder_depth,decoder_width,encoder_depth,encoder_width,loss,corr,epochs,time/s,best_hyperparameter
0,2,512,1,256,1.0158745050430298,0.4629252517220317,87,15.983561515808105,False
1,2,1028,1,256,1.1621910333633423,0.4643474260756698,60,12.247431516647339,False
2,2,2048,1,256,1.4367780685424805,0.462745209502287,94,16.52798557281494,False
3,3,512,1,256,1.8333156108856201,0.47450743776830684,40,11.090482711791992,True
4,3,1028,1,256,2.913304567337036,0.474484557191557,32,10.06895899772644,False
5,3,2048,1,256,6.933194160461426,0.4744642712505383,26,10.137670755386353,False
6,4,512,1,256,2.1723086833953857,0.4744816234268391,25,10.254108190536499,False
7,4,1028,1,256,4.239409446716309,0.47433934516477244,8,7.59296727180481,False
8,4,2048,1,256,12.141937255859375,0.47447035068606425,26,12.365274429321289,False
