,decoder_depth,decoder_width,encoder_depth,encoder_width,loss,corr,epochs,time/s,best_hyperparameter
0,2,512,1,512,1.1777666807174683,0.4440527174002687,70,13.396873712539673,False
1,2,1028,1,512,1.4635475873947144,0.4455953057983815,61,12.438516616821289,False
2,2,2048,1,512,2.0157713890075684,0.4423189219561881,68,13.450938701629639,False
3,3,512,1,512,1.992894172668457,0.4542854562268075,80,15.777704954147339,False
4,3,1028,1,512,3.2240614891052246,0.4542945022466349,56,13.262569427490234,False
5,3,2048,1,512,7.567015171051025,0.45434471835086154,26,10.152479410171509,True
6,4,512,1,512,2.33840274810791,0.45428966901779533,40,10.840657234191895,False
7,4,1028,1,512,4.561813831329346,0.454318634305522,32,10.814092874526978,False
8,4,2048,1,512,12.782425880432129,0.45434151589139615,26,11.852895498275757,False
