,decoder_depth,decoder_width,encoder_depth,encoder_width,loss,corr,epochs,time/s,best_hyperparameter
0,2,512,1,512,1.1586601734161377,0.4550143455455616,127,22.201778888702393,False
1,2,1028,1,512,1.4406577348709106,0.45348879829148836,132,21.77333688735962,False
2,2,2048,1,512,1.9943405389785767,0.4547094309238717,123,20.3849196434021,False
3,3,512,1,512,1.9836597442626953,0.4643535716277209,40,10.016651391983032,False
4,3,1028,1,512,3.2236297130584717,0.4643694894116515,32,9.658911228179932,False
5,3,2048,1,512,7.549559116363525,0.4643307165122409,26,10.622366428375244,False
6,4,512,1,512,2.3283731937408447,0.46440677988696083,40,11.242235660552979,True
7,4,1028,1,512,4.551850318908691,0.4643765917009902,32,11.199236631393433,False
8,4,2048,1,512,12.774110794067383,0.46432661898786104,26,12.60570478439331,False
