,decoder_depth,decoder_width,encoder_depth,encoder_width,loss,epochs,time/s,best_hyperparameter
0,2,128,1,256,0.004721690434962511,49,10.792693376541138,False
1,2,128,1,512,0.0046646688133478165,21,6.943458795547485,True
2,2,128,1,1028,0.005167621653527021,14,5.961279392242432,False
3,2,128,2,256,0.006526137702167034,22,7.715945243835449,False
4,2,128,2,512,0.007039856165647507,15,6.812504291534424,False
5,2,128,2,1028,0.0071102106012403965,12,6.468002796173096,False
6,2,128,3,256,0.006752413231879473,45,11.662546634674072,False
7,2,128,3,512,0.006426115520298481,36,10.103201389312744,False
8,2,128,3,1028,0.005942125804722309,26,9.110752820968628,False
