,num_layers,width,loss,epoch,time/s,best_hyperparameter
0,2,128,0.022180606028583728,92,439.31714153289795,True
1,2,256,0.18142054044915235,28,155.12323307991028,False
2,2,512,0.1615677158752479,40,229.91062808036804,False
3,3,128,0.05907706695197302,34,201.19139313697815,False
4,3,256,0.028237579509703233,66,338.73851799964905,False
5,3,512,2.1113140835054875,5,55.83469605445862,False
6,4,128,0.34396804775985546,4,53.02606129646301,False
7,4,256,0.09569741940355614,44,246.194744348526,False
8,4,512,0.793082083792694,34,196.91607356071472,False
