,num_layers,width,loss,epoch,time/s,best_hyperparameter
0,2,128,0.018258619204516345,95,453.2490744590759,True
1,2,256,0.21450303311200225,22,132.6744146347046,False
2,2,512,0.4246533820914404,22,142.22419047355652,False
3,3,128,0.3987665899381502,4,52.37354254722595,False
4,3,256,0.12480571154674146,29,166.6034073829651,False
5,3,512,0.22319579815798102,27,156.84034705162048,False
6,4,128,0.18184455289271598,18,119.77975034713745,False
7,4,256,0.041795789436505235,69,363.6634452342987,False
8,4,512,0.21967793917657533,54,292.7292387485504,False
