,hidden_width,n_hidden_layers,loss,time/s,best_hyperparameter
0,128,2,0.003040091134607792,65.21451139450073,False
1,128,3,0.0032032085582613945,65.43821310997009,False
2,128,4,0.0037019350565969944,96.8897476196289,False
3,256,2,0.003971550613641739,86.63764071464539,False
4,256,3,0.002266534138470888,93.64333844184875,True
5,256,4,0.007863611914217472,59.167290687561035,False
6,512,2,0.002706987550482154,84.21577382087708,False
7,512,3,0.00291269994340837,77.04886221885681,False
8,512,4,0.003404285293072462,98.52883577346802,False
