,hidden_width,n_hidden_layers,loss,time/s,best_hyperparameter
0,128,2,0.0067029474303126335,98.11381912231445,False
1,128,3,0.009890884160995483,41.881072998046875,False
2,128,4,0.005712801590561867,90.58455085754395,False
3,256,2,0.00662571657449007,94.07676243782043,False
4,256,3,0.005145660135895014,80.05892276763916,True
5,256,4,0.006073096301406622,68.14115571975708,False
6,512,2,0.005830920767039061,50.70505952835083,False
7,512,3,0.00771833723410964,113.80683612823486,False
8,512,4,0.007733870763331652,109.91553497314453,False
