,decoder_depth,decoder_width,encoder_depth,encoder_width,loss,epochs,time/s,best_hyperparameter
0,2,128,1,256,0.0024916324764490128,22,7.249278545379639,False
1,2,128,1,512,0.0019137253984808922,28,7.873469829559326,True
2,2,128,1,1028,0.0028526876121759415,25,7.501477003097534,False
3,2,128,2,256,0.004082554019987583,16,7.2243568897247314,False
4,2,128,2,512,0.0036535856779664755,49,11.8632652759552,False
5,2,128,2,1028,0.003043876262381673,23,8.119689702987671,False
6,2,128,3,256,0.003994902595877647,26,9.005495309829712,False
7,2,128,3,512,0.0031501594930887222,34,10.245043992996216,False
8,2,128,3,1028,0.0032199001871049404,8,6.4872987270355225,False
