,Model,t+1,t+2,t+3
0,RUE,0.008313565495592532,0.01247226823176695,0.015865267022075656
1,MC Dropout,0.012942349011144876,0.01903553550502351,0.01950573167118708
2,GPR,0.005967943060618383,0.012920639571635036,0.02295712558808128
3,Infer-Noise,0.00832036415192279,0.012472267817871904,0.015858320383868956
4,BNN,31.241761134311243,27.698827813467037,31.32177397635001
5,DER,0.007834486031633428,0.01207464320121743,0.03963743795352469
