,hidden_width,n_hidden_layers,loss,time/s,best_hyperparameter
0,128,2,0.16438648104667664,89.54363775253296,True
1,128,3,0.1713373064994812,98.71197319030762,False
2,128,4,0.1770811378955841,93.88788437843323,False
3,256,2,0.17990510165691376,110.6966302394867,False
4,256,3,0.17633101344108582,70.53111863136292,False
5,256,4,0.18331864476203918,91.97228908538818,False
6,512,2,0.16955038905143738,63.59452795982361,False
7,512,3,0.18884789943695068,72.11070466041565,False
8,512,4,0.18345728516578674,58.37276577949524,False
