Model,t+1,t+2,t+3
RUE,0.0019773179692889943,0.0024123513964904543,0.002732393617298596
MC Dropout,0.001986207731305504,0.002422585757428323,0.0027404602164536928
GPR,0.001921989450711851,0.0023833272751117053,0.0026799086367040935
Infer-Noise,0.0019773202767783154,0.0024123499297545765,0.002732391108255271
DER,0.002091668470571382,0.0025500532500820896,0.002984406636370805
