,Model,t+1,t+2,t+3
0,RUE,0.008022454163566888,0.01127973552972626,0.016196480396618536
1,MC Dropout,0.011704287573055437,0.01862186385117118,0.02043055678212526
2,GPR,0.005940271719898426,0.012774029616181976,0.022893311103197866
3,Infer-Noise,0.008023372325671864,0.011279738825944874,0.016199176734842013
4,BNN,0.013564274169562957,0.014904399638948901,0.029237235403621012
5,DER,0.009372076242004247,0.03629493401270622,0.01612912452166098
