,Model,t+1,t+2,t+3
0,RUE,0.007010755338403174,0.01097145893131522,0.016046229515127724
1,MC Dropout,0.009967523885167506,0.017682930852488645,0.02038116757486049
2,GPR,0.005945319279529141,0.012903519050849403,0.023076192360971713
