,Model,t+1,t+2,t+3
0,RUE,0.007010755338403174,0.01097145893131522,0.016046229515127724
1,Infer-Noise,0.007008309706045432,0.010971461130945553,0.0160359360595749
2,MC Dropout,0.009967523885167506,0.017682930852488645,0.02038116757486049
3,GPR,0.005945319279529141,0.012903519050849403,0.023076192360971713
4,BNN,0.051622540297301824,0.050146003587136716,0.056085268520114716
5,DER,0.006722615779241396,0.013699236334402872,0.017340147261329052
