,Model,t+1 Corr,t+1 Pval,t+1 AURC,t+1 Sigma=0.1,t+1 Sigma=0.2,t+1 Sigma=0.3,t+1 Sigma=0.4,t+2 Corr,t+2 Pval,t+2 AURC,t+2 Sigma=0.1,t+2 Sigma=0.2,t+2 Sigma=0.3,t+2 Sigma=0.4,t+3 Corr,t+3 Pval,t+3 AURC,t+3 Sigma=0.1,t+3 Sigma=0.2,t+3 Sigma=0.3,t+3 Sigma=0.4
0,RUE,0.5406626749795319,1.6760765870866353e-222,0.03131840880215425,0.019903799263851916,0.02518416362564841,0.02737966422041017,0.031039682525220717,0.5352151978721571,2.559455758514289e-217,0.042388630977702624,0.02941830451790644,0.03510243287521506,0.03745359544348274,0.04172212602539884,0.49809972712322637,5.400459406619842e-184,0.049941329993667266,0.03484804811793526,0.042213847876944044,0.04447581415889916,0.04856515743055837
1,MC Dropout,0.3995769439753491,5.996084494959517e-113,0.04661133024834885,0.0330323154144455,0.037277669065031334,0.04428646278738835,0.04879090246899471,0.39627013168059577,5.441977717865927e-111,0.06544443955547447,0.05036843627797861,0.05287614137196292,0.05909342371794585,0.06698431719088076,0.3844451927275576,4.503264653726037e-104,0.06628990875113511,0.05331420018659589,0.05563872396649642,0.06065281379333176,0.06712640377950713
