Model,t+1,t+2,t+3
RUE,0.0019580506246108477,0.0024362642329774768,0.0027289498650443747
MC Dropout,0.0019703725404836936,0.0024439239746211483,0.002734292380884867
GPR,0.0019220267538538386,0.0023832827227762104,0.002679928469268274
Infer-Noise,0.001958049183842743,0.002436264898233814,0.002728950638268077
DER,0.0020056609178617435,0.0024737678807966366,0.002835915602430166
