Model,t+1,t+2,t+3
RUE,0.07442081036283242,0.10445907308123455,0.12421981169640185
MC Dropout,0.07486691498395243,0.10542358522567731,0.12499843451520652
GPR,0.07154378431398874,0.09926965062899921,0.11776119483160408
Infer-Noise,0.07442082042270365,0.10446073216098688,0.12421822078634005
BNN,0.07821879748459128,0.10557770785938962,0.12492979835716234
DER,0.07645077879307176,0.10414004865932752,0.12087939334217185
