,Model,t+1,t+2,t+3
0,RUE,0.00653004699692462,0.012218648092009001,0.015801260479997466
1,MC Dropout,0.010105198494799739,0.01965793953315651,0.01985836160155261
2,GPR,0.005968727885818986,0.012905263281567316,0.0229876470131273
3,Infer-Noise,0.006536190663613057,0.012218652651125669,0.01580260726358519
4,BNN,28.75734485507081,28.501154036742673,26.257324580649524
5,DER,0.012419963388376915,0.010833887061521982,0.015274653283666227
