Model,t+1,t+2,t+3
RUE,0.07701758907601185,0.10467778866530586,0.12275116379492211
MC Dropout,0.07742092038909282,0.10572779009841832,0.12390223363537545
GPR,0.07157402867922205,0.09931881363289823,0.11772477382066808
Infer-Noise,0.07701763597982693,0.10468640849696036,0.12276365007355784
BNN,0.07755231548014098,0.10542750498470194,0.12433113781138803
DER,0.07645175941405606,0.10585598906521924,0.12141621258048942
