Model,t+1,t+2,t+3
RUE,0.0020022336273509077,0.0024528750203484297,0.0027109702632975123
MC Dropout,0.0020171558618390733,0.0024717218144006204,0.0027280670211529364
GPR,0.0019220308807980043,0.0023833730428354195,0.0026798683171677397
Infer-Noise,0.002002231519032018,0.002452874775591183,0.002710973567067028
BNN,0.005230745088189164,0.0052716305497643055,0.005336401609124982
DER,0.0021350675138141623,0.002679026328496311,0.0031281039267907046
