Model,t+1,t+2,t+3
RUE,0.0020114507086755394,0.002421967605527583,0.002722904562115385
MC Dropout,0.002023476784101436,0.002432549636836926,0.002727823633074164
GPR,0.001922046116029578,0.0023832849214651293,0.0026799375500495214
Infer-Noise,0.0020114504307688088,0.0024219665459114304,0.002722903852601658
DER,0.0022399680859392637,0.0024624405388915093,0.0032426436945378564
