,hidden_width,n_hidden_layers,loss,time/s,best_hyperparameter
0,128,2,0.0023020482622087,140.60485005378723,False
1,128,3,0.0022806015331298113,92.12308359146118,False
2,128,4,0.002347594825550914,106.7773814201355,False
3,256,2,0.0022876004222780466,88.31883502006531,False
4,256,3,0.00232857558876276,144.77324867248535,False
5,256,4,0.0022400047164410353,89.09529232978821,True
6,512,2,0.00227895169518888,86.45247864723206,False
7,512,3,0.0023640226572752,58.79254484176636,False
8,512,4,0.0023166837636381388,108.81060242652893,False
