,decoder_depth,decoder_width,encoder_depth,encoder_width,loss,epochs,time/s,best_hyperparameter
0,2,64,2,128,0.0031068045645952225,23,9.123870134353638,False
1,2,64,2,256,0.0030902198050171137,44,13.590364456176758,True
2,2,64,2,512,0.003119576955214143,27,10.095367431640625,False
3,2,64,3,128,0.0031072052661329508,15,8.28725552558899,False
4,2,64,3,256,0.003121529007330537,20,9.106684923171997,False
5,2,64,3,512,0.0031560719944536686,30,11.445984125137329,False
6,2,64,4,128,0.0031209776643663645,21,9.755342483520508,False
7,2,64,4,256,0.0031586524564772844,17,9.47081995010376,False
8,2,64,4,512,0.003221317194402218,17,9.323127508163452,False
