,num_layers,width,loss,epoch,time/s,best_hyperparameter
0,2,32,0.006676079531910423,89,544.7691550254822,False
1,2,64,0.006697411375705736,82,475.2700424194336,False
2,2,128,0.008296488160202868,91,541.4399518966675,False
3,2,256,0.019663491388495317,55,368.67947268486023,False
4,3,32,0.005966239617473386,91,593.191841840744,True
5,3,64,0.0061985063143633395,87,566.4467670917511,False
6,3,128,0.02636177425174648,7,90.31571936607361,False
7,3,256,0.02915825882030161,0,45.127864599227905,False
