,decoder_depth,decoder_width,encoder_depth,encoder_width,loss,corr,epochs,time/s,best_hyperparameter
0,2,128,2,256,0.0014148771297186613,0.22551177814684997,1313,124.89526700973511,False
1,2,256,2,256,0.0013808285584673285,0.22240592571207815,1404,138.1195342540741,False
2,2,512,2,256,0.0015712642343714833,0.22887593886520868,554,62.32653522491455,True
3,3,128,2,256,0.005798017140477896,0.12907882810585258,4,5.455241680145264,False
4,3,256,2,256,0.005799810402095318,0.12951917718228578,3,4.701868057250977,False
5,3,512,2,256,0.005849119741469622,0.11468948876211346,9,5.961200475692749,False
6,4,128,2,256,0.005793013144284487,0.12897626678763952,4,5.988879203796387,False
7,4,256,2,256,0.005795580334961414,0.1297134550716412,3,5.0037620067596436,False
8,4,512,2,256,0.005830186884850264,0.11789930062192172,2,5.678605556488037,False
