,decoder_depth,decoder_width,encoder_depth,encoder_width,loss,corr,epochs,time/s,best_hyperparameter
0,2,128,2,256,0.0017702759942039847,0.2019066969969819,452,47.14280724525452,True
1,2,256,2,256,0.0012348818127065897,0.18496177327513746,1517,143.0011591911316,False
2,2,512,2,256,0.0015132391126826406,0.19711818921640156,676,66.62937903404236,False
3,3,128,2,256,0.005796470213681459,0.11203326042375016,4,5.206476449966431,False
4,3,256,2,256,0.005800814833492041,0.11322729827079223,3,4.575746774673462,False
5,3,512,2,256,0.005852129310369492,0.09857371376215086,8,5.754450559616089,False
6,4,128,2,256,0.00579332560300827,0.11234721560028689,7,6.12992787361145,False
7,4,256,2,256,0.0057960147969424725,0.11312349377605224,3,4.885453939437866,False
8,4,512,2,256,0.005824176594614983,0.10366732437660148,2,6.1069934368133545,False
