,decoder_depth,decoder_width,encoder_depth,encoder_width,loss,epochs,time/s,best_hyperparameter
0,2,64,2,128,0.0021669138222932816,33,11.4055016040802,True
1,2,64,2,256,0.0021692600566893816,44,13.266050815582275,False
2,2,64,2,512,0.002181624760851264,13,7.602220296859741,False
3,2,64,3,128,0.002194380620494485,8,7.4041221141815186,False
4,2,64,3,256,0.0021829179022461176,12,8.345027208328247,False
5,2,64,3,512,0.002222219714894891,26,11.027104139328003,False
6,2,64,4,128,0.0021885305177420378,16,9.095946788787842,False
7,2,64,4,256,0.0022118370980024338,18,9.181730031967163,False
8,2,64,4,512,0.002221551723778248,4,6.8592517375946045,False
