,num_layers,width,loss,epoch,time/s,best_hyperparameter
0,2,32,0.00666826979117015,82,496.35073828697205,False
1,2,64,0.006739695494086828,75,434.0318760871887,False
2,2,128,0.008272122616307625,86,548.3824281692505,False
3,2,256,0.021178174575082167,35,224.44337844848633,False
4,3,32,0.005993387251504236,91,536.0531985759735,True
5,3,64,0.006211204239391495,110,641.0336878299713,False
6,3,128,0.026124175339053507,9,98.25592112541199,False
7,3,256,0.029283154295037212,0,45.20703482627869,False
