,hidden_width,n_hidden_layers,loss,time/s,best_hyperparameter
0,128,2,0.0031622853130102158,59.5357825756073,False
1,128,3,0.0029059904627501965,96.83853268623352,False
2,128,4,0.0029391690623015165,94.24539756774902,False
3,256,2,0.0031402967870235443,71.66137409210205,False
4,256,3,0.0029111108742654324,87.16020178794861,False
5,256,4,0.003011631779372692,76.16202092170715,False
6,512,2,0.002850618911907077,88.65722250938416,True
7,512,3,0.003187530906870961,102.66680812835693,False
8,512,4,0.0030501466244459152,78.02545404434204,False
