Model,t+1,t+2,t+3
RUE,0.0019636227617976744,0.0024306075613374904,0.0027300502793151547
MC Dropout,0.001971294351478744,0.0024526132362621142,0.0027583879008245505
GPR,0.0019221288419398047,0.002383390942952783,0.0026799041508171256
Infer-Noise,0.0019636255564241057,0.002430604662670423,0.002730055012117928
BNN,0.0052396481207712614,0.005270160127628888,0.005359071558474748
DER,0.0021624830073848746,0.0025247507047825605,0.0029470147432864397
